fk_id,password,name
1,123,owenk5
2,123,seano1
3,123,summerd9
4,123,lexih9
5,123,chriss5
6,123,carlc1
7,123,malayahc3
8,123,alanw9
9,123,davisd5
10,123,leylas5
11,123,jesusa2
12,123,garrettc5
13,123,brians4
14,123,callumc1
15,123,leonardm5
16,123,reaganf8
17,123,levig9
18,123,persephonec7
19,123,amaliap8
20,123,cadenceg6
21,123,mateos8
22,123,rylani2
23,123,ryderm8
24,123,henryf6
25,123,tysond2
26,123,johannah0
27,123,cynthiar8
28,123,kayliec9
29,123,raulr1
30,123,annap5
31,123,harrisonc1
32,123,meganm8
33,123,isaiahm4
34,123,isabelc3
35,123,minae8
36,123,keirab4
37,123,landend2
38,123,noelc3
39,123,lanceg3
40,123,paisleighm8
41,123,madelynnv4
42,123,tonyd2
43,123,eliannav9
44,123,ryderm4
45,123,noelc2
46,123,kaysens3
47,123,gwenl7
48,123,laurenb4
49,123,omarc4
50,123,francescaw0
51,123,jayleer2
52,123,valenting9
53,123,haydenb1
54,123,madelynnv0
55,123,helenac7
56,123,ellianac8
57,123,emberc0
58,123,pearlm7
59,123,journir5
60,123,nicor2
61,123,nathanaelv2
62,123,caspianp2
63,123,karlap5
64,123,nikolasa7
65,123,freyai3
66,123,drakes0
67,123,levig1
68,123,sadiep4
69,123,aris9
70,123,mariof5
71,123,seanj2
72,123,emmym8
73,123,jamiew4
74,123,kieranw8
75,123,emilioh2
76,123,ikerb1
77,123,ericl7
78,123,maisona2
79,123,dorothyh4
80,123,theodorat5
81,123,scarletted5
82,123,sawyers5
83,123,kyrief0
84,123,enzos4
85,123,harleys9
86,123,nyomir0
87,123,crewh9
88,123,bridgera3
89,123,landenc0
90,123,becketto6
91,123,asab4
92,123,graysenb2
93,123,rubyh0
94,123,nikolaso9
95,123,cadenceg1
96,123,dawsonw8
97,123,brodiem2
98,123,melanyp6
99,123,madilynnp8
100,123,alexanderb6
101,123,marieb1
102,123,talonr7
103,123,charlest7
104,123,rayl8
105,123,phoenixm2
106,123,blairec4
107,123,madilynw8
108,123,elainer0
109,123,emelyh6
110,123,junipern2
111,123,jadend9
112,123,alejandrad8
113,123,marcelined1
114,123,jadield8
115,123,dayanad0
116,123,keniab5
117,123,foxd9
118,123,rayl5
119,123,karsynd7
120,123,luisj4
121,123,blazer1
122,123,mohammadv4
123,123,ethanb7
124,123,vihaana4
125,123,kaylanih1
126,123,jaxp2
127,123,madelineh9
128,123,ruthp1
129,123,keniab2
130,123,zayner5
131,123,robinl6
132,123,ericl3
133,123,skylars7
134,123,kyleighs8
135,123,tonyd2
136,123,sabrinam3
137,123,linal6
138,123,owend3
139,123,addisong9
140,123,lyricl7
141,123,summerd8
142,123,leiac1
143,123,koltono3
144,123,jamiew9
145,123,theodorac7
146,123,alexandras1
147,123,eduardom7
148,123,harmonyl9
149,123,khalidm9
150,123,eileenw7
151,123,jillians5
152,123,janer5
153,123,isabelac6
154,123,judew9
155,123,fisherc8
156,123,colterr2
157,123,vihaana9
158,123,zarab5
159,123,waylonc8
160,123,wesleya2
161,123,vancef7
162,123,reidm0
163,123,lillyk0
164,123,marenw6
165,123,addisonh8
166,123,manuelh1
167,123,amaraa0
168,123,margareto8
169,123,selahs8
170,123,alyssar0
171,123,reynak3
172,123,marena7
173,123,sawyers4
174,123,mckinleyd1
175,123,nicholasm9
176,123,geraldy8
177,123,alech7
178,123,legacyn7
179,123,keniab3
180,123,blairl4
181,123,josephj5
182,123,emersonh2
183,123,dayanad7
184,123,damonc9
185,123,hassanm4
186,123,haroldr2
187,123,brianag9
188,123,vanessae0
189,123,andresk0
190,123,graysenb8
191,123,tatuml8
192,123,sevynv4
193,123,nikolaso1
194,123,selenef0
195,123,jaydac4
196,123,keatonc6
197,123,bridgera7
198,123,kehlanig1
199,123,yaretziy6
200,123,joliem6
201,123,dakotam0
202,123,milanc0
203,123,jaylenc2
204,123,adelinek4
205,123,alyssar7
206,123,heavenb1
207,123,huxleyk1
208,123,alessandroa3
209,123,persephonem4
210,123,justiceq5
211,123,jaxxonc0
212,123,rileyr5
213,123,viviann7
214,123,elodiew0
215,123,connord0
216,123,ellap7
217,123,lian8
218,123,joliem3
219,123,andyv1
220,123,liana6
221,123,maeg0
222,123,blaired5
223,123,nathanielt3
224,123,charlest4
225,123,viviann7
226,123,brandonb1
227,123,meghanp4
228,123,tylerj2
229,123,ibrahims7
230,123,cynthiar2
231,123,nayac3
232,123,maras0
233,123,memphisg0
234,123,jessef8
235,123,biancas7
236,123,johnc0
237,123,emmiem8
238,123,karsonw5
239,123,zendayap9
240,123,ellar0
241,123,garretth3
242,123,michellea8
243,123,truettv2
244,123,alexat7
245,123,saigeb7
246,123,oliveh9
247,123,salemf6
248,123,maisiec1
249,123,leylas9
250,123,viennab2
251,123,jazminb9
252,123,jolenes7
253,123,alaricm6
254,123,abbyl3
255,123,julienm3
256,123,malayahc2
257,123,maryamv2
258,123,gretam8
259,123,kieranw8
260,123,amania1
261,123,jakec9
262,123,emmyh2
263,123,donalda8
264,123,cesarp8
265,123,jenesisc6
266,123,chandlerb0
267,123,devina9
268,123,brooker4
269,123,russellm6
270,123,atreusb8
271,123,zolag0
272,123,lennoxb2
273,123,madilynnp8
274,123,brandonh2
275,123,brandonb8
276,123,zarab8
277,123,brettg1
278,123,opheliae7
279,123,gunnera5
280,123,rivkar8
281,123,xanderc2
282,123,blairl8
283,123,emmiem0
284,123,brynleighp2
285,123,joannag9
286,123,eloisem2
287,123,anderb3
288,123,shelbys0
289,123,madelynn3
290,123,hankh1
291,123,emorym1
292,123,reaganf9
293,123,savannahg7
294,123,mylahb7
295,123,ephraims7
296,123,ryannb9
297,123,arielg6
298,123,tysond7
299,123,mordechaig4
300,123,emersong9
301,123,giannar4
302,123,cataleyas2
303,123,neilk0
304,123,micahs8
305,123,andree3
306,123,scarleta8
307,123,andyv2
308,123,oliveh0
309,123,jenesisc3
310,123,kaylanih2
311,123,poppyl2
312,123,rosal9
313,123,bom3
314,123,persephonem7
315,123,florab7
316,123,sadies8
317,123,nelliem8
318,123,alexanderb0
319,123,emelyb1
320,123,geraldy5
321,123,jairh0
322,123,milanc4
323,123,janed5
324,123,enriquem7
325,123,meredithh8
326,123,nevaehb8
327,123,sergioc4
328,123,emoryv8
329,123,sadiep1
330,123,meghanp8
331,123,kamrynm7
332,123,ivanh3
333,123,evangelinel4
334,123,mohammadv6
335,123,myram8
336,123,bishopm1
337,123,derrickh7
338,123,foxd1
339,123,alanw0
340,123,marena4
341,123,pennym0
342,123,avam8
343,123,ariam1
344,123,ezekielm4
345,123,kamrynh6
346,123,korim8
347,123,dawsonw2
348,123,aliyap4
349,123,ariannah8
350,123,conrads6
351,123,westond1
352,123,georgeh9
353,123,jayceonw0
354,123,ashlynnp8
355,123,dayanav2
356,123,marcuso8
357,123,kaliv0
358,123,brunoc7
359,123,malayahc2
360,123,keirab8
361,123,oakleel5
362,123,andyv0
363,123,calliopeh2
364,123,callahanb6
365,123,conrads2
366,123,emanik3
367,123,jasiahm7
368,123,makaylas4
369,123,deandref7
370,123,taylorp4
371,123,marshalle6
372,123,allieh4
373,123,sawyers1
374,123,colterr8
375,123,rivkar7
376,123,kashe8
377,123,davisd4
378,123,nikolasa4
379,123,abigailf6
380,123,leonc4
381,123,macyp3
382,123,owenb1
383,123,ariyal4
384,123,coryc7
385,123,cheyennec3
386,123,ellap8
387,123,levig1
388,123,jasminer8
389,123,maem1
390,123,nathanb4
391,123,eviem3
392,123,solomonc9
393,123,alaynaf3
394,123,leroyr9
395,123,rivkah6
396,123,justicek5
397,123,riggss0
398,123,jolenes1
399,123,caspianp0
400,123,isaiahm5
401,123,evanm1
402,123,coryc4
403,123,alicias7
404,123,jolieh5
405,123,julienm9
406,123,colterr2
407,123,mikaylaa0
408,123,alvinc5
409,123,rosalyna5
410,123,nelliem9
411,123,brandonb9
412,123,madilynnp2
413,123,foxd0
414,123,nicholasm4
415,123,alexiaj8
416,123,garretth8
417,123,marleyt4
418,123,derrickk4
419,123,alistairl0
420,123,annap7
421,123,zachariahb9
422,123,judsong6
423,123,lindap5
424,123,abigailf5
425,123,chriss1
426,123,carolinap5
427,123,saigeb0
428,123,mccoya1
429,123,alexiaj0
430,123,virginiab6
431,123,emelyh1
432,123,gavinm2
433,123,emorym2
434,123,joannad8
435,123,maiaw3
436,123,stephens5
437,123,elsag4
438,123,ronaldj0
439,123,rylani4
440,123,esperanzac1
441,123,chandlerb6
442,123,gunnerm5
443,123,arloh6
444,123,piperd4
445,123,zainabp7
446,123,joellej7
447,123,mccoya9
448,123,zariahl6
449,123,sevynv4
450,123,alonsob7
451,123,wesw8
452,123,becketto1
453,123,rosal9
454,123,brians3
455,123,cesarp0
456,123,makaylaf5
457,123,mateor3
458,123,shilohs7
459,123,mitchellc5
460,123,alexat0
461,123,kimberlys2
462,123,neilk0
463,123,solomong1
464,123,nathanaelv3
465,123,nayac7
466,123,albertoe4
467,123,byronm7
468,123,callahanb8
469,123,rorym9
470,123,pearlm7
471,123,kashe4
472,123,liana4
473,123,brayanm8
474,123,vivianc5
475,123,benjaminr7
476,123,adrielm8
477,123,edisonw3
478,123,marcelined1
479,123,kensleyl1
480,123,alyssar1
481,123,sonnyn9
482,123,marenw5
483,123,alisonh4
484,123,adelinek6
485,123,sylvieb0
486,123,sarahh5
487,123,phoenixm4
488,123,katherineg6
489,123,lukasm5
490,123,nevaehb4
491,123,samirh3
492,123,mercyc4
493,123,alessandroa6
494,123,aracelir2
495,123,khalils3
496,123,kamrynh1
497,123,gunnerm8
498,123,isaacs1
499,123,amania3
500,123,jayceg5
501,123,irism5
502,123,emmyh2
503,123,grahamr6
504,123,treasures4
505,123,marisoll7
506,123,esperanzac0
507,123,macm0
508,123,kaysenb7
509,123,evelynm2
510,123,fisherc0
511,123,salemf0
512,123,donalda7
513,123,irism7
514,123,liana1
515,123,raphaelg9
516,123,fabianr3
517,123,mordechaig8
518,123,anikaw3
519,123,bridgera2
520,123,jakec2
521,123,paisleep2
522,123,miar3
523,123,dawsonw7
524,123,callumc3
525,123,collinsp8
526,123,ibrahimw3
527,123,lenab1
528,123,ruthp8
529,123,louisam1
530,123,keilyc8
531,123,emanik0
532,123,brettg3
533,123,madalynnf0
534,123,koak5
535,123,milanc0
536,123,ariannah6
537,123,rhettc1
538,123,nikolasa0
539,123,evelynm4
540,123,valerym3
541,123,shayg0
542,123,jayleef5
543,123,alanit5
544,123,zayner5
545,123,keilyc2
546,123,janed1
547,123,ettaw1
548,123,aleenas6
549,123,francoc9
550,123,leonc3
551,123,andree0
552,123,brayanr8
553,123,carlyh6
554,123,collinsp6
555,123,brooker2
556,123,georgiab5
557,123,ashers5
558,123,dylans1
559,123,helenac1
560,123,leroyr4
561,123,marianaa8
562,123,andresk8
563,123,blairec6
564,123,curtiss9
565,123,waylonc4
566,123,ambero1
567,123,selenap2
568,123,joliet7
569,123,sauld8
570,123,jadaf0
571,123,maximilians4
572,123,mariof4
573,123,solomong9
574,123,sylvieb8
575,123,owend0
576,123,paigel9
577,123,maisona9
578,123,alistaira6
579,123,annabellej2
580,123,douglasw7
581,123,vancef0
582,123,rorym8
583,123,tuckerh2
584,123,angiev6
585,123,blaired3
586,123,rexe4
587,123,alaynaf5
588,123,zainabn9
589,123,callahanb9
590,123,sawyers4
591,123,adelem8
592,123,briarb0
593,123,harleighc0
594,123,natalyl7
595,123,francescaw9
596,123,jamiet5
597,123,cadenceg5
598,123,judsong2
599,123,palomam0
600,123,francoc8
601,123,rowenb1
602,123,jaxxonc3
603,123,wallacea0
604,123,andresb9
605,123,royalw4
606,123,mallorym1
607,123,kabirn9
608,123,lennoxc7
609,123,maliyaha2
610,123,sabrinam5
611,123,lukass8
612,123,addisong7
613,123,esmew2
614,123,ariam3
615,123,louisam5
616,123,antonellam1
617,123,lylac8
618,123,dexterg1
619,123,carlc6
620,123,kaysenv2
621,123,avis3
622,123,alianab5
623,123,rodrigoc5
624,123,arielg6
625,123,cynthiam3
626,123,camerona9
627,123,johnathanc4
628,123,ariam6
629,123,wessonw2
630,123,kalebh7
631,123,alainap4
632,123,milac7
633,123,maliyahm5
634,123,eviem4
635,123,zacharyh0
636,123,clarkb1
637,123,egypte9
638,123,skylarm9
639,123,rosal1
640,123,nyomir7
641,123,meghanj3
642,123,addisong4
643,123,karlap6
644,123,wilderb4
645,123,heavenb3
646,123,johnathanc9
647,123,gageb6
648,123,zaidl8
649,123,lennoxm7
650,123,abigailf3
651,123,alondrah2
652,123,lylac6
653,123,kevinb0
654,123,melvinh4
655,123,annabellej7
656,123,calliopeh1
657,123,kieranw0
658,123,kennab0
659,123,carsonl5
660,123,bronsonr5
661,123,ivoryf8
662,123,zariahm1
663,123,wrenr6
664,123,koak2
665,123,rivkah4
666,123,jacksonc7
667,123,louiel1
668,123,kiaanp8
669,123,marisoll2
670,123,opheliae3
671,123,isaacs9
672,123,graysenb2
673,123,marya6
674,123,emmym2
675,123,kaydencem3
676,123,emmyh5
677,123,sadies8
678,123,hunterp1
679,123,alaiah3
680,123,zhurid5
681,123,alexandras6
682,123,melodym2
683,123,kaitlynl3
684,123,annikab3
685,123,eliannav6
686,123,owenb8
687,123,lillyk4
688,123,hannahh0
689,123,selahs3
690,123,maliyaha6
691,123,jesusa5
692,123,tylerc4
693,123,kimoras6
694,123,gunnerm3
695,123,hannahh7
696,123,sylvieb9
697,123,atreuss5
698,123,avayahr0
699,123,royalw4
700,123,nelliem5
701,123,poppyl8
702,123,ruthp3
703,123,ronaldj1
704,123,claytonc2
705,123,talonr5
706,123,eliannav3
707,123,baileys9
708,123,caidens3
709,123,kieranw7
710,123,rosal2
711,123,dakotam5
712,123,caidenm8
713,123,reginaldh7
714,123,charlib5
715,123,nelsonh7
716,123,eliasp9
717,123,wallacea3
718,123,aniyahb5
719,123,owenk4
720,123,devinr0
721,123,laytonc4
722,123,journeyl4
723,123,jairh6
724,123,jazminb7
725,123,elodier7
726,123,blaired3
727,123,maisiec6
728,123,robinl7
729,123,alexandras7
730,123,adelaidef1
731,123,mitchellc7
732,123,lindap2
733,123,lylac5
734,123,baileys5
735,123,willowt7
736,123,aronm5
737,123,kaysens5
738,123,kianw8
739,123,callumc3
740,123,harlang8
741,123,meghanp8
742,123,calumw7
743,123,oakleel6
744,123,macyp8
745,123,alexiaj4
746,123,georgeh4
747,123,ettaw9
748,123,kamdynh1
749,123,natashas7
750,123,alanw3
751,123,khalidb1
752,123,macyp7
753,123,natashas7
754,123,amania3
755,123,caspiane2
756,123,rykerd2
757,123,willc8
758,123,karlap4
759,123,kristophera7
760,123,aislinnt6
761,123,andrews2
762,123,ahmirw6
763,123,hassanm7
764,123,jaylenc3
765,123,cataleyas1
766,123,wilderb0
767,123,briao6
768,123,zayns5
769,123,ivans0
770,123,leiac9
771,123,huxleyk0
772,123,ariyahd0
773,123,sevync4
774,123,santinop1
775,123,toric6
776,123,persephonem2
777,123,jeffersonm2
778,123,wilderb9
779,123,blairl0
780,123,keilyk4
781,123,laurenb0
782,123,taylorh9
783,123,blazea3
784,123,maev1
785,123,jairh8
786,123,gunnerm1
787,123,viennab7
788,123,annikab0
789,123,maem3
790,123,maisief4
791,123,avis0
792,123,paigel5
793,123,kamrynm7
794,123,santinop4
795,123,lian6
796,123,zariak3
797,123,camdens0
798,123,cesarv8
799,123,royalh1
800,123,orionh8
801,123,zanew1
802,123,kayliec2
803,123,garretth3
804,123,jasminer7
805,123,isabelc9
806,123,alexiaj1
807,123,crewh1
808,123,kamilahq9
809,123,kaylab1
810,123,willv8
811,123,asap5
812,123,zaidv0
813,123,ashers6
814,123,titanw0
815,123,charlib9
816,123,nathanielt3
817,123,keirab7
818,123,elodier2
819,123,tysond7
820,123,wesleyp0
821,123,harleec7
822,123,wrenr8
823,123,bennettq8
824,123,chasek3
825,123,claytonc6
826,123,maev8
827,123,kaitlynl4
828,123,ariam5
829,123,dylans8
830,123,caprip8
831,123,trevorg6
832,123,deaconh6
833,123,madilynnp2
834,123,brandonh7
835,123,allieh0
836,123,paisleyn0
837,123,justiceq6
838,123,ellap7
839,123,shelbys4
840,123,emanik8
841,123,dexterg1
842,123,wilderb5
843,123,emoryb8
844,123,carsonl4
845,123,angiev3
846,123,maryamv5
847,123,claytonw1
848,123,destinyc1
849,123,colterr6
850,123,haroldr7
851,123,memphisg5
852,123,addisonh9
853,123,taylorh7
854,123,kehlanig8
855,123,liliannas3
856,123,sonnyn7
857,123,charlest8
858,123,ivoryf2
859,123,selenap8
860,123,daisyg1
861,123,leviw7
862,123,alaiah6
863,123,dayanad6
864,123,rodrigoc6
865,123,grahamr8
866,123,aryanl8
867,123,willv6
868,123,noelc7
869,123,lillyk0
870,123,shelbyr9
871,123,arloh5
872,123,harrisp5
873,123,rexc8
874,123,mordechaig7
875,123,gavinm0
876,123,remingtonr8
877,123,mikaylaa6
878,123,aliyap6
879,123,kaitlynl1
880,123,zainabn3
881,123,aronm7
882,123,reynam7
883,123,callenc2
884,123,brynnp3
885,123,maverickh9
886,123,robina5
887,123,mabelm8
888,123,florab0
889,123,charlest7
890,123,meganm0
891,123,riggss4
892,123,madalynnf6
893,123,cheyennec4
894,123,tiffanyl5
895,123,joannad5
896,123,anikaw5
897,123,ainhoag0
898,123,kehlanig1
899,123,cadenceg4
900,123,justiceq6
901,123,maxwellp1
902,123,kelseym7
903,123,mareny7
904,123,salemf9
905,123,nevaehh0
906,123,rivkah9
907,123,ledgerh5
908,123,noab1
909,123,marshalle3
910,123,macyp3
911,123,hughw6
912,123,liliannas7
913,123,mohammadv7
914,123,katherineg5
915,123,dalaryc2
916,123,baileys5
917,123,freyab1
918,123,isaiahm7
919,123,crewh0
920,123,esperanzac9
921,123,jenesisc9
922,123,leroyr3
923,123,raphaelg8
924,123,skylara2
925,123,sawyerh7
926,123,tylerj9
927,123,aliyap1
928,123,maverickh6
929,123,harleec0
930,123,dexterg9
931,123,gideonc1
932,123,mikaylaa1
933,123,jamiew2
934,123,enriquem1
935,123,mateos5
936,123,maras8
937,123,dayanad0
938,123,calliopes3
939,123,makaih7
940,123,alainap1
941,123,alexanderb6
942,123,hassanm3
943,123,misaell6
944,123,gunnerm6
945,123,linal4
946,123,marena0
947,123,chriss8
948,123,elsae7
949,123,garrettc9
950,123,leightonm1
951,123,rorym8
952,123,rylied4
953,123,camdens1
954,123,mitchells9
955,123,juliaw3
956,123,talonr5
957,123,georgiab7
958,123,zolag3
959,123,alexat3
960,123,lincolnp2
961,123,jasminel5
962,123,michellea7
963,123,steview4
964,123,apollop2
965,123,charleem0
966,123,kaylanih7
967,123,trevorg7
968,123,emersong2
969,123,zanew2
970,123,becketto3
971,123,zaidl9
972,123,aubrielles2
973,123,brians8
974,123,jeffreyh9
975,123,riggss4
976,123,scarletter5
977,123,chriss3
978,123,alaiah5
979,123,addisong9
980,123,melvinh5
981,123,jadielb1
982,123,samsonb0
983,123,ronaldj7
984,123,amania3
985,123,noab1
986,123,scarletted8
987,123,rivkah6
988,123,apollop4
989,123,dustint6
990,123,milanc7
991,123,isabelac4
992,123,virginiab2
993,123,blazea1
994,123,tylerj7
995,123,salemf8
996,123,jaimeb9
997,123,coram4
998,123,brianag9
999,123,leviw6
1000,123,alliea0
